<?xml version="1.0" encoding="utf-8" ?>
<dwsync>
<file name="aboutcompany_head.jpg" server="internationaljewelers.com/www/mikeylong/" local="128883933600000000" remote="128883933600000000" />
<file name="aboutlink.jpg" server="internationaljewelers.com/www/mikeylong/" local="128883933600000000" remote="128883933600000000" />
<file name="alarmsystem.jpg" server="internationaljewelers.com/www/mikeylong/" local="128883933600000000" remote="128883933600000000" />
<file name="bg.jpg" server="internationaljewelers.com/www/mikeylong/" local="128883933600000000" remote="128883933600000000" />
<file name="bigbullet.jpg" server="internationaljewelers.com/www/mikeylong/" local="128883933600000000" remote="128883933600000000" />
<file name="box1.jpg" server="internationaljewelers.com/www/mikeylong/" local="128888778854025787" remote="128888782200000000" />
<file name="contactlink.jpg" server="internationaljewelers.com/www/mikeylong/" local="128883933600000000" remote="128883933600000000" />
<file name="footerbg.jpg" server="internationaljewelers.com/www/mikeylong/" local="128883933600000000" remote="128883933600000000" />
<file name="head2.jpg" server="internationaljewelers.com/www/mikeylong/" local="128883933600000000" remote="128883933600000000" />
<file name="headerbig.jpg" server="internationaljewelers.com/www/mikeylong/" local="128883933600000000" remote="128883933600000000" />
<file name="homeleftboxbg.jpg" server="internationaljewelers.com/www/mikeylong/" local="128883933600000000" remote="128883933600000000" />
<file name="homeleftboxbottom.jpg" server="internationaljewelers.com/www/mikeylong/" local="128883933600000000" remote="128883933600000000" />
<file name="homeleftboxtop.jpg" server="internationaljewelers.com/www/mikeylong/" local="128883933600000000" remote="128883933600000000" />
<file name="homelink.jpg" server="internationaljewelers.com/www/mikeylong/" local="128883933600000000" remote="128883933600000000" />
<file name="homesep.jpg" server="internationaljewelers.com/www/mikeylong/" local="128883933600000000" remote="128883933600000000" />
<file name="inner_product_service_head.jpg" server="internationaljewelers.com/www/mikeylong/" local="128883933600000000" remote="128883933600000000" />
<file name="innerbg.jpg" server="internationaljewelers.com/www/mikeylong/" local="128883933600000000" remote="128883933600000000" />
<file name="innerhead.jpg" server="internationaljewelers.com/www/mikeylong/" local="128883933600000000" remote="128883933600000000" />
<file name="innerhead2.jpg" server="internationaljewelers.com/www/mikeylong/" local="128883933600000000" remote="128883933600000000" />
<file name="innerleft2.jpg" server="internationaljewelers.com/www/mikeylong/" local="128883933600000000" remote="128883933600000000" />
<file name="innerround.jpg" server="internationaljewelers.com/www/mikeylong/" local="128883933600000000" remote="128883933600000000" />
<file name="linkbg.jpg" server="internationaljewelers.com/www/mikeylong/" local="128883933600000000" remote="128883933600000000" />
<file name="logo.jpg" server="internationaljewelers.com/www/mikeylong/" local="128883933600000000" remote="128883933600000000" />
<file name="middlebg.jpg" server="internationaljewelers.com/www/mikeylong/" local="128883933600000000" remote="128883933600000000" />
<file name="middlecontenttopbg.jpg" server="internationaljewelers.com/www/mikeylong/" local="128883933600000000" remote="128883933600000000" />
<file name="phonenumber.jpg" server="internationaljewelers.com/www/mikeylong/" local="128883933600000000" remote="128883933600000000" />
<file name="product_division.jpg" server="internationaljewelers.com/www/mikeylong/" local="128883933600000000" remote="128883933600000000" />
<file name="product_service_head.jpg" server="internationaljewelers.com/www/mikeylong/" local="128883933600000000" remote="128883933600000000" />
<file name="productslink.jpg" server="internationaljewelers.com/www/mikeylong/" local="128883933600000000" remote="128883933600000000" />
<file name="security.jpg" server="internationaljewelers.com/www/mikeylong/" local="128883933600000000" remote="128883933600000000" />
<file name="serviceslink.jpg" server="internationaljewelers.com/www/mikeylong/" local="128883933600000000" remote="128883933600000000" />
<file name="solutionslink.jpg" server="internationaljewelers.com/www/mikeylong/" local="128883933600000000" remote="128883933600000000" />
<file name="spacer.gif" server="internationaljewelers.com/www/mikeylong/" local="128883933600000000" remote="128883933600000000" />
<file name="toplinksep.jpg" server="internationaljewelers.com/www/mikeylong/" local="128883933600000000" remote="128883933600000000" />
<file name="homeleftboxbottom1.jpg" server="internationaljewelers.com/www/mikeylong/" local="128888774715795787" remote="128888782200000000" />
</dwsync>