<?xml version="1.0" encoding="utf-8" ?>
<dwsync>
<file name="bg.jpg" server="internationaljewelers.com/www/mikeylong/" local="128882145600000000" remote="128882145600000000" />
<file name="bigbanner.jpg" server="internationaljewelers.com/www/mikeylong/" local="128882145600000000" remote="128882145600000000" />
<file name="box_bg.jpg" server="internationaljewelers.com/www/mikeylong/" local="128882145600000000" remote="128882145600000000" />
<file name="box_bottom.jpg" server="internationaljewelers.com/www/mikeylong/" local="128882145600000000" remote="128882145600000000" />
<file name="boximg1.jpg" server="internationaljewelers.com/www/mikeylong/" local="128882145600000000" remote="128882145600000000" />
<file name="boximg2.jpg" server="internationaljewelers.com/www/mikeylong/" local="128882145600000000" remote="128882145600000000" />
<file name="button_alarm.jpg" server="internationaljewelers.com/www/mikeylong/" local="128882145600000000" remote="128882145600000000" />
<file name="button_fire.jpg" server="internationaljewelers.com/www/mikeylong/" local="128882145600000000" remote="128882145600000000" />
<file name="button_property.jpg" server="internationaljewelers.com/www/mikeylong/" local="128882145600000000" remote="128882145600000000" />
<file name="commetment_service.jpg" server="internationaljewelers.com/www/mikeylong/" local="128882145600000000" remote="128882145600000000" />
<file name="contactlink.jpg" server="internationaljewelers.com/www/mikeylong/" local="128882145600000000" remote="128882145600000000" />
<file name="footerbeforebg.jpg" server="internationaljewelers.com/www/mikeylong/" local="128882145600000000" remote="128882145600000000" />
<file name="footerbg.jpg" server="internationaljewelers.com/www/mikeylong/" local="128882145600000000" remote="128882145600000000" />
<file name="footerbottom.jpg" server="internationaljewelers.com/www/mikeylong/" local="128882145600000000" remote="128882145600000000" />
<file name="headerleft.jpg" server="internationaljewelers.com/www/mikeylong/" local="128882145600000000" remote="128882145600000000" />
<file name="headermiddle2_top.jpg" server="internationaljewelers.com/www/mikeylong/" local="128882145600000000" remote="128882145600000000" />
<file name="headermiddle2_topbg.jpg" server="internationaljewelers.com/www/mikeylong/" local="128882145600000000" remote="128882145600000000" />
<file name="headerright.jpg" server="internationaljewelers.com/www/mikeylong/" local="128882145600000000" remote="128882145600000000" />
<file name="headertopbg.jpg" server="internationaljewelers.com/www/mikeylong/" local="128882146200000000" remote="128882146200000000" />
<file name="homelink.jpg" server="internationaljewelers.com/www/mikeylong/" local="128882146200000000" remote="128882146200000000" />
<file name="innerbigbanner.jpg" server="internationaljewelers.com/www/mikeylong/" local="128882146200000000" remote="128882146200000000" />
<file name="innerheaderleft.jpg" server="internationaljewelers.com/www/mikeylong/" local="128882146200000000" remote="128882146200000000" />
<file name="innerheaderright.jpg" server="internationaljewelers.com/www/mikeylong/" local="128882146200000000" remote="128882146200000000" />
<file name="innerleftboxtopbg.jpg" server="internationaljewelers.com/www/mikeylong/" local="128882146200000000" remote="128882146200000000" />
<file name="innerlogo1.jpg" server="internationaljewelers.com/www/mikeylong/" local="128882146200000000" remote="128882146200000000" />
<file name="innerlogo2.jpg" server="internationaljewelers.com/www/mikeylong/" local="128882146200000000" remote="128882146200000000" />
<file name="innermenubg1.jpg" server="internationaljewelers.com/www/mikeylong/" local="128882146200000000" remote="128882146200000000" />
<file name="innermenubg1_.jpg" server="internationaljewelers.com/www/mikeylong/" local="128882146200000000" remote="128882146200000000" />
<file name="innersecurity_prof.jpg" server="internationaljewelers.com/www/mikeylong/" local="128882146200000000" remote="128882146200000000" />
<file name="innersecurity_prof2.jpg" server="internationaljewelers.com/www/mikeylong/" local="128882146200000000" remote="128882146200000000" />
<file name="leftbodbottom1.jpg" server="internationaljewelers.com/www/mikeylong/" local="128882146200000000" remote="128882146200000000" />
<file name="leftbottombox_a.jpg" server="internationaljewelers.com/www/mikeylong/" local="128882146200000000" remote="128882146200000000" />
<file name="leftbottombox_b.jpg" server="internationaljewelers.com/www/mikeylong/" local="128882146200000000" remote="128882146200000000" />
<file name="leftbottombox_bg.jpg" server="internationaljewelers.com/www/mikeylong/" local="128882146200000000" remote="128882146200000000" />
<file name="leftboxbullet.jpg" server="internationaljewelers.com/www/mikeylong/" local="128882146200000000" remote="128882146200000000" />
<file name="leftboxtopbg.jpg" server="internationaljewelers.com/www/mikeylong/" local="128882146200000000" remote="128882146200000000" />
<file name="list_arrow_y.gif" server="internationaljewelers.com/www/mikeylong/" local="128882146200000000" remote="128882146200000000" />
<file name="logo1.jpg" server="internationaljewelers.com/www/mikeylong/" local="128882146200000000" remote="128882146200000000" />
<file name="logo2.jpg" server="internationaljewelers.com/www/mikeylong/" local="128882146200000000" remote="128882146200000000" />
<file name="menubg1.jpg" server="internationaljewelers.com/www/mikeylong/" local="128882146200000000" remote="128882146200000000" />
<file name="middlebg.jpg" server="internationaljewelers.com/www/mikeylong/" local="128882146200000000" remote="128882146200000000" />
<file name="more_a.jpg" server="internationaljewelers.com/www/mikeylong/" local="128882146200000000" remote="128882146200000000" />
<file name="more_b.jpg" server="internationaljewelers.com/www/mikeylong/" local="128882146200000000" remote="128882146200000000" />
<file name="protect_privacy.jpg" server="internationaljewelers.com/www/mikeylong/" local="128882146200000000" remote="128882146200000000" />
<file name="security_prof.jpg" server="internationaljewelers.com/www/mikeylong/" local="128882146200000000" remote="128882146200000000" />
<file name="send.jpg" server="internationaljewelers.com/www/mikeylong/" local="128888812917031248" remote="128888808600000000" />
<file name="serviceslink.jpg" server="internationaljewelers.com/www/mikeylong/" local="128888790496145787" remote="128888787600000000" />
<file name="solutionslink.jpg" server="internationaljewelers.com/www/mikeylong/" local="128882146200000000" remote="128888787000000000" />
<file name="spacer.gif" server="internationaljewelers.com/www/mikeylong/" local="128882146200000000" remote="128882146200000000" />
<file name="homeleftboxbottom.jpg" server="internationaljewelers.com/www/mikeylong/" local="128888773505429696" remote="128888808600000000" />
<file name="homeleftboxbottom1.jpg" server="internationaljewelers.com/www/mikeylong/" local="128888773205485787" remote="128888808600000000" />
</dwsync>